[
  {
    "name": "Arsenal FC",
    "shortName": "Arsenal",
    "tla": "ARS",
    "fd_team_id": 57,
    "area": "England",
    "founded": 1886,
    "address": "75 Drayton Park London N5 1BU",
    "website": "http://www.arsenal.com",
    "clubColors": "Red / White",
    "venue": "Emirates Stadium",
    "source": "football-data.org",
    "_id": "team_arsenal_fc"
  },
  {
    "name": "Aston Villa FC",
    "shortName": "Aston Villa",
    "tla": "AVL",
    "fd_team_id": 58,
    "area": "England",
    "founded": 1872,
    "address": "Villa Park Birmingham B6 6HE",
    "website": "http://www.avfc.co.uk",
    "clubColors": "Claret / Sky Blue",
    "venue": "Villa Park",
    "source": "football-data.org",
    "_id": "team_aston_villa_fc"
  },
  {
    "name": "Chelsea FC",
    "shortName": "Chelsea",
    "tla": "CHE",
    "fd_team_id": 61,
    "area": "England",
    "founded": 1905,
    "address": "Fulham Road London SW6 1HS",
    "website": "http://www.chelseafc.com",
    "clubColors": "Royal Blue / White",
    "venue": "Stamford Bridge",
    "source": "football-data.org",
    "_id": "team_chelsea_fc"
  },
  {
    "name": "Everton FC",
    "shortName": "Everton",
    "tla": "EVE",
    "fd_team_id": 62,
    "area": "England",
    "founded": 1878,
    "address": "Goodison Park Liverpool L4 4EL",
    "website": "http://www.evertonfc.com",
    "clubColors": "Blue / White",
    "venue": "Goodison Park",
    "source": "football-data.org",
    "_id": "team_everton_fc"
  },
  {
    "name": "Fulham FC",
    "shortName": "Fulham",
    "tla": "FUL",
    "fd_team_id": 63,
    "area": "England",
    "founded": 1879,
    "address": "Craven Cottage, Stevenage Road London SW6 6HH",
    "website": "http://www.fulhamfc.com",
    "clubColors": "White / Black",
    "venue": "Craven Cottage",
    "source": "football-data.org",
    "_id": "team_fulham_fc"
  },
  {
    "name": "Liverpool FC",
    "shortName": "Liverpool",
    "tla": "LIV",
    "fd_team_id": 64,
    "area": "England",
    "founded": 1892,
    "address": "Anfield Road Liverpool L4 0TH",
    "website": "http://www.liverpoolfc.tv",
    "clubColors": "Red / White",
    "venue": "Anfield",
    "source": "football-data.org",
    "_id": "team_liverpool_fc"
  },
  {
    "name": "Manchester City FC",
    "shortName": "Man City",
    "tla": "MCI",
    "fd_team_id": 65,
    "area": "England",
    "founded": 1880,
    "address": "SportCity Manchester M11 3FF",
    "website": "https://www.mancity.com",
    "clubColors": "Sky Blue / White",
    "venue": "Etihad Stadium",
    "source": "football-data.org",
    "_id": "team_manchester_city_fc"
  },
  {
    "name": "Manchester United FC",
    "shortName": "Man United",
    "tla": "MUN",
    "fd_team_id": 66,
    "area": "England",
    "founded": 1878,
    "address": "Sir Matt Busby Way Manchester M16 0RA",
    "website": "http://www.manutd.com",
    "clubColors": "Red / White",
    "venue": "Old Trafford",
    "source": "football-data.org",
    "_id": "team_manchester_united_fc"
  },
  {
    "name": "Newcastle United FC",
    "shortName": "Newcastle",
    "tla": "NEW",
    "fd_team_id": 67,
    "area": "England",
    "founded": 1881,
    "address": "Sports Direct Arena Newcastle upon Tyne NE1 4ST",
    "website": "http://www.nufc.co.uk",
    "clubColors": "Black / White",
    "venue": "St. James' Park",
    "source": "football-data.org",
    "_id": "team_newcastle_united_fc"
  },
  {
    "name": "Sunderland AFC",
    "shortName": "Sunderland",
    "tla": "SUN",
    "fd_team_id": 71,
    "area": "England",
    "founded": 1879,
    "address": "The Sunderland Stadium of Light Sunderland SR5 1SU",
    "website": "http://www.safc.com",
    "clubColors": "Red / White",
    "venue": "Stadium of Light",
    "source": "football-data.org",
    "_id": "team_sunderland_afc"
  },
  {
    "name": "Tottenham Hotspur FC",
    "shortName": "Tottenham",
    "tla": "TOT",
    "fd_team_id": 73,
    "area": "England",
    "founded": 1882,
    "address": "Bill Nicholson Way, 748 High Road London N17 0AP",
    "website": "http://www.tottenhamhotspur.com",
    "clubColors": "Navy Blue / White",
    "venue": "Tottenham Hotspur Stadium",
    "source": "football-data.org",
    "_id": "team_tottenham_hotspur_fc"
  },
  {
    "name": "Wolverhampton Wanderers FC",
    "shortName": "Wolverhampton",
    "tla": "WOL",
    "fd_team_id": 76,
    "area": "England",
    "founded": 1877,
    "address": "Waterloo Road Wolverhampton WV1 4QR",
    "website": "http://www.wolves.co.uk",
    "clubColors": "Black / Gold",
    "venue": "Molineux Stadium",
    "source": "football-data.org",
    "_id": "team_wolverhampton_wanderers_fc"
  },
  {
    "name": "Burnley FC",
    "shortName": "Burnley",
    "tla": "BUR",
    "fd_team_id": 328,
    "area": "England",
    "founded": 1881,
    "address": "Harry Potts Way Burnley BB10 4BX",
    "website": "http://www.burnleyfootballclub.com",
    "clubColors": "Claret / Sky Blue",
    "venue": "Turf Moor",
    "source": "football-data.org",
    "_id": "team_burnley_fc"
  },
  {
    "name": "Leeds United FC",
    "shortName": "Leeds United",
    "tla": "LEE",
    "fd_team_id": 341,
    "area": "England",
    "founded": 1904,
    "address": "Elland Road Leeds LS11 0ES",
    "website": "http://www.leedsunited.com",
    "clubColors": "White / Blue",
    "venue": "Elland Road",
    "source": "football-data.org",
    "_id": "team_leeds_united_fc"
  },
  {
    "name": "Nottingham Forest FC",
    "shortName": "Nottingham",
    "tla": "NOT",
    "fd_team_id": 351,
    "area": "England",
    "founded": 1865,
    "address": "Pavilion Road, West Bridgeford Nottingham NG2 5GJ",
    "website": "http://www.nottinghamforest.co.uk",
    "clubColors": "Red / White",
    "venue": "The City Ground",
    "source": "football-data.org",
    "_id": "team_nottingham_forest_fc"
  },
  {
    "name": "Crystal Palace FC",
    "shortName": "Crystal Palace",
    "tla": "CRY",
    "fd_team_id": 354,
    "area": "England",
    "founded": 1905,
    "address": "Whitehorse Lane London SE25 6PU",
    "website": "http://www.cpfc.co.uk",
    "clubColors": "Red / Blue",
    "venue": "Selhurst Park",
    "source": "football-data.org",
    "_id": "team_crystal_palace_fc"
  },
  {
    "name": "Brighton & Hove Albion FC",
    "shortName": "Brighton Hove",
    "tla": "BHA",
    "fd_team_id": 397,
    "area": "England",
    "founded": 1898,
    "address": "44 North Road Brighton & Hove BN1 1YR",
    "website": "http://www.seagulls.co.uk",
    "clubColors": "Blue / White",
    "venue": "The American Express Community Stadium",
    "source": "football-data.org",
    "_id": "team_brighton_hove_albion_fc"
  },
  {
    "name": "Brentford FC",
    "shortName": "Brentford",
    "tla": "BRE",
    "fd_team_id": 402,
    "area": "England",
    "founded": 1889,
    "address": "Braemar Road Brentford TW8 0NT",
    "website": "http://www.brentfordfc.co.uk",
    "clubColors": "Red / White / Black",
    "venue": "Griffin Park",
    "source": "football-data.org",
    "_id": "team_brentford_fc"
  },
  {
    "name": "West Ham United FC",
    "shortName": "West Ham",
    "tla": "WHU",
    "fd_team_id": 563,
    "area": "England",
    "founded": 1895,
    "address": "Queen Elizabeth Olympic Park, London London E20 2ST",
    "website": "http://www.whufc.com",
    "clubColors": "Claret / Sky Blue",
    "venue": "London Stadium",
    "source": "football-data.org",
    "_id": "team_west_ham_united_fc"
  },
  {
    "name": "AFC Bournemouth",
    "shortName": "Bournemouth",
    "tla": "BOU",
    "fd_team_id": 1044,
    "area": "England",
    "founded": 1890,
    "address": "Dean Court, Kings Park Bournemouth BH7 7AF",
    "website": "http://www.afcb.co.uk",
    "clubColors": "Red / Black",
    "venue": "Vitality Stadium",
    "source": "football-data.org",
    "_id": "team_afc_bournemouth"
  }
]
